{
  "6885988404": {
    "expiry": 1756986291.8485808
  },
  "1736747357": {
    "expiry": 1762952667.1585784
  }
}